{
  "behavior": "sycophancy",
  "model_name": "gemma-2-9b",
  "num_pairs": 25,
  "hidden_dim": 3584,
  "num_layers": 42,
  "layer_consistency": [
    0.40978842973709106,
    0.4119320213794708,
    0.4131510853767395,
    0.4200131893157959,
    0.4361341893672943,
    0.45102882385253906,
    0.44568580389022827,
    0.4529362618923187,
    0.46352145075798035,
    0.4521986246109009,
    0.4548206329345703,
    0.46871665120124817,
    0.4764566123485565,
    0.48665982484817505,
    0.4825464189052582,
    0.48810410499572754,
    0.49687862396240234,
    0.49616244435310364,
    0.4884437620639801,
    0.48248428106307983,
    0.4796677827835083,
    0.47442081570625305,
    0.4787020981311798,
    0.4879385232925415,
    0.4988374710083008,
    0.48988938331604004,
    0.4819108843803406,
    0.4835922122001648,
    0.48943886160850525,
    0.481113463640213,
    0.48198452591896057,
    0.47835633158683777,
    0.4700039029121399,
    0.4665045142173767,
    0.4669796824455261,
    0.4573267698287964,
    0.4483885169029236,
    0.44192203879356384,
    0.43792325258255005,
    0.43100738525390625,
    0.43334999680519104,
    0.4571375250816345
  ],
  "layer_raw_norms": [
    7.025203227996826,
    7.735577583312988,
    7.95622444152832,
    8.612412452697754,
    9.574612617492676,
    11.681830406188965,
    13.220230102539062,
    14.788897514343262,
    17.398956298828125,
    18.66053581237793,
    19.85612678527832,
    22.567546844482422,
    24.301986694335938,
    26.54142951965332,
    27.032001495361328,
    28.91049575805664,
    31.67546272277832,
    34.177005767822266,
    35.62567901611328,
    35.44375991821289,
    35.959266662597656,
    36.857666015625,
    37.81413269042969,
    41.631858825683594,
    43.234310150146484,
    46.97185134887695,
    50.79958724975586,
    52.73578643798828,
    55.53789520263672,
    59.53679275512695,
    62.474788665771484,
    65.23014068603516,
    65.99040222167969,
    69.2912826538086,
    71.42201232910156,
    71.74821472167969,
    74.3046646118164,
    78.36366271972656,
    83.97396850585938,
    89.28582763671875,
    97.39303588867188,
    117.28882598876953
  ]
}