{
  "behavior": "sycophancy",
  "model_name": "llama-3.2-1b",
  "num_pairs": 25,
  "hidden_dim": 2048,
  "num_layers": 16,
  "layer_consistency": [
    0.43611985445022583,
    0.38867735862731934,
    0.40106695890426636,
    0.41891127824783325,
    0.4277360141277313,
    0.4389458894729614,
    0.4466129541397095,
    0.4546288549900055,
    0.4641956388950348,
    0.46704986691474915,
    0.46855318546295166,
    0.46679461002349854,
    0.47275832295417786,
    0.4596308767795563,
    0.4685705900192261,
    0.5021914839744568
  ],
  "layer_raw_norms": [
    0.18531285226345062,
    1.0170867443084717,
    1.0520035028457642,
    1.1222025156021118,
    1.1818565130233765,
    1.2241699695587158,
    1.2769709825515747,
    1.341914415359497,
    1.42180335521698,
    1.6224048137664795,
    1.7465318441390991,
    1.9575839042663574,
    2.2964866161346436,
    2.625683307647705,
    3.196143865585327,
    4.1916093826293945
  ]
}