{
  "model_name": "llama-3.2-3b",
  "model_family": "llama",
  "hidden_dim": 3072,
  "num_layers": 28,
  "layer_mean_norms": [
    3.9045095443725586,
    62.329200744628906,
    63.39503860473633,
    64.47796630859375,
    65.30442810058594,
    65.8809814453125,
    66.51919555664062,
    67.2796859741211,
    67.63318634033203,
    67.83735656738281,
    68.00638580322266,
    69.16966247558594,
    69.5880126953125,
    70.77300262451172,
    72.15715026855469,
    73.48676300048828,
    74.81695556640625,
    76.01496887207031,
    77.33129119873047,
    79.96168518066406,
    82.34828186035156,
    84.28116607666016,
    86.50164794921875,
    89.25405883789062,
    91.70388793945312,
    95.49139404296875,
    98.89332580566406,
    74.37313842773438
  ],
  "layer_std_norms": [
    5.374729633331299,
    178.32948303222656,
    178.0887908935547,
    177.87527465820312,
    177.74447631835938,
    177.7062225341797,
    177.71827697753906,
    177.6476287841797,
    177.7179412841797,
    177.79766845703125,
    177.9490509033203,
    177.81552124023438,
    178.07095336914062,
    178.33665466308594,
    178.12908935546875,
    177.8611297607422,
    177.50308227539062,
    177.1674346923828,
    176.86798095703125,
    176.14085388183594,
    175.42068481445312,
    174.85638427734375,
    174.27801513671875,
    173.37413024902344,
    172.54437255859375,
    171.8528594970703,
    170.31143188476562,
    57.91090393066406
  ],
  "k_values": [
    0.07044592614053,
    1.124555650883929,
    1.1437857063666013,
    1.1633241001583194,
    1.1782352857233704,
    1.1886375741227473,
    1.2001523581532445,
    1.2138732752547594,
    1.2202511981169633,
    1.2239348773528467,
    1.2269845359407545,
    1.2479726015635968,
    1.2555205581878053,
    1.276900378644373,
    1.3018734416095727,
    1.325862575006442,
    1.3498621698816538,
    1.371476960647838,
    1.3952263059490118,
    1.4426843894972659,
    1.485743834355536,
    1.5206173100617282,
    1.5606796790258652,
    1.610339215510089,
    1.6545395121118294,
    1.72287443925002,
    1.7842527585924224,
    1.3418547341165545
  ],
  "num_tokens_sampled": 250,
  "steering_window": [
    11,
    22
  ],
  "window_k_min": 1.2479726015635968,
  "window_k_max": 1.5206173100617282
}