{
  "behavior": "formality",
  "model_name": "gemma-2-2b",
  "num_pairs": 20,
  "hidden_dim": 2304,
  "num_layers": 26,
  "layer_consistency": [
    0.5800439715385437,
    0.5954638719558716,
    0.611125648021698,
    0.6114907264709473,
    0.6125364303588867,
    0.6001899242401123,
    0.6271834373474121,
    0.6101436018943787,
    0.6130862832069397,
    0.5942705869674683,
    0.5834982991218567,
    0.5723225474357605,
    0.581649661064148,
    0.6038845777511597,
    0.608633816242218,
    0.6090856790542603,
    0.5916787981987,
    0.6079866290092468,
    0.5822963714599609,
    0.5921650528907776,
    0.5795317888259888,
    0.5604945421218872,
    0.5389404296875,
    0.5163968205451965,
    0.5204289555549622,
    0.5287181735038757
  ],
  "layer_raw_norms": [
    11.7489652633667,
    13.824845314025879,
    15.006901741027832,
    15.689977645874023,
    17.752368927001953,
    18.726858139038086,
    20.476675033569336,
    23.670698165893555,
    24.423885345458984,
    25.24107551574707,
    26.43204116821289,
    28.604007720947266,
    29.38611602783203,
    35.47595977783203,
    37.16353225708008,
    43.72395324707031,
    47.26136016845703,
    52.61971664428711,
    55.22541427612305,
    65.23626708984375,
    69.77840423583984,
    78.1611557006836,
    82.09347534179688,
    86.13542175292969,
    99.57119750976562,
    122.04644012451172
  ]
}