{
  "behavior": "verbosity",
  "model_name": "qwen2.5-7b",
  "num_pairs": 15,
  "hidden_dim": 3584,
  "num_layers": 28,
  "layer_consistency": [
    0.5010968446731567,
    0.6388455033302307,
    0.5397941470146179,
    0.9993734955787659,
    0.999521791934967,
    0.9994982481002808,
    0.999402642250061,
    0.999146580696106,
    0.9989418387413025,
    0.9988308548927307,
    0.9987261891365051,
    0.9987110495567322,
    0.9986527562141418,
    0.9985590577125549,
    0.9984167814254761,
    0.9982009530067444,
    0.9980598092079163,
    0.9979337453842163,
    0.9975581765174866,
    0.996353268623352,
    0.9951232671737671,
    0.9929458498954773,
    0.9898128509521484,
    0.9856522679328918,
    0.9797876477241516,
    0.9716905951499939,
    0.7602826356887817,
    0.6930519342422485
  ],
  "layer_raw_norms": [
    1.2221640348434448,
    2.490887403488159,
    2.573188066482544,
    216.0941619873047,
    267.62164306640625,
    270.9320068359375,
    274.6122741699219,
    276.6714782714844,
    278.0102844238281,
    281.4365234375,
    282.76898193359375,
    288.71868896484375,
    291.9701843261719,
    293.44329833984375,
    292.33062744140625,
    293.34515380859375,
    292.54119873046875,
    293.97467041015625,
    294.9804382324219,
    293.8780517578125,
    294.6309814453125,
    294.4624328613281,
    296.9249572753906,
    296.273681640625,
    295.8305358886719,
    289.9408874511719,
    94.91749572753906,
    113.27277374267578
  ]
}