{
  "behavior": "formality",
  "model_name": "llama-3.2-3b",
  "num_pairs": 20,
  "hidden_dim": 3072,
  "num_layers": 28,
  "layer_consistency": [
    0.573419451713562,
    0.28171831369400024,
    0.31857991218566895,
    0.3541591763496399,
    0.3790058493614197,
    0.3894820213317871,
    0.3972746431827545,
    0.4059365689754486,
    0.41585493087768555,
    0.4372975826263428,
    0.4305960536003113,
    0.43354615569114685,
    0.45048433542251587,
    0.46661990880966187,
    0.47294098138809204,
    0.49548420310020447,
    0.511862576007843,
    0.5223393440246582,
    0.5197428464889526,
    0.5515172481536865,
    0.5534035563468933,
    0.5514107942581177,
    0.5472198128700256,
    0.5463561415672302,
    0.5443428754806519,
    0.5425601601600647,
    0.5481106042861938,
    0.5639481544494629
  ],
  "layer_raw_norms": [
    0.3398175835609436,
    0.9948421716690063,
    1.119350790977478,
    1.2889738082885742,
    1.4315249919891357,
    1.5294034481048584,
    1.6155592203140259,
    1.743812084197998,
    1.8344172239303589,
    1.9921619892120361,
    1.9663583040237427,
    2.0715227127075195,
    2.2718112468719482,
    2.484734535217285,
    2.7971906661987305,
    3.2857377529144287,
    3.7158892154693604,
    4.058064937591553,
    4.244773864746094,
    5.2296552658081055,
    5.993485927581787,
    6.3636884689331055,
    6.7126641273498535,
    7.284536361694336,
    7.758105754852295,
    8.456124305725098,
    9.585637092590332,
    11.989510536193848
  ]
}