{
  "model_name": "gemma-2-9b",
  "model_family": "gemma2",
  "hidden_dim": 3584,
  "num_layers": 42,
  "layer_mean_norms": [
    132.4547119140625,
    147.19273376464844,
    165.67068481445312,
    173.30958557128906,
    176.5264434814453,
    190.99258422851562,
    206.26718139648438,
    221.55398559570312,
    230.57772827148438,
    248.49098205566406,
    260.1358337402344,
    278.9143981933594,
    294.03314208984375,
    327.445068359375,
    377.6018981933594,
    433.71234130859375,
    467.8055114746094,
    477.3165283203125,
    500.7239990234375,
    511.456787109375,
    520.7911987304688,
    535.8673706054688,
    550.5404052734375,
    537.2422485351562,
    518.9003295898438,
    573.2955322265625,
    543.2864379882812,
    570.077392578125,
    594.6528930664062,
    622.4240112304688,
    645.0250244140625,
    675.4459228515625,
    710.8331298828125,
    729.5577392578125,
    749.2194213867188,
    771.448486328125,
    804.466552734375,
    823.3416137695312,
    875.6318969726562,
    920.2713012695312,
    959.8307495117188,
    985.4113159179688
  ],
  "layer_std_norms": [
    147.5670928955078,
    194.62664794921875,
    228.4007568359375,
    253.27828979492188,
    257.60662841796875,
    259.1025695800781,
    281.44830322265625,
    301.6382751464844,
    301.2048645019531,
    327.89764404296875,
    332.04156494140625,
    362.70989990234375,
    371.7810974121094,
    390.76251220703125,
    419.3321228027344,
    488.8692932128906,
    541.1325073242188,
    558.5791625976562,
    583.1831665039062,
    594.7117919921875,
    606.6458740234375,
    610.9121704101562,
    630.6786499023438,
    628.0697631835938,
    614.0914306640625,
    626.094482421875,
    649.6517944335938,
    672.7223510742188,
    699.5994873046875,
    703.2210693359375,
    703.000732421875,
    706.8292236328125,
    743.782958984375,
    731.676513671875,
    708.6676025390625,
    692.4876708984375,
    664.1854858398438,
    629.3134155273438,
    623.7077026367188,
    529.9580078125,
    464.7384338378906,
    481.7704772949219
  ],
  "k_values": [
    2.212500675206546,
    2.458682051651549,
    2.7673345607495357,
    2.894933442194394,
    2.948667282202154,
    3.190307203561025,
    3.4454514416124833,
    3.7007995838096877,
    3.851530625948903,
    4.150750529264672,
    4.345264124458687,
    4.658938028025855,
    4.911478919896499,
    5.469585976739079,
    6.307397016227879,
    7.244656185680003,
    7.814142623136313,
    7.97301300901335,
    8.364007364647467,
    8.543286006711876,
    8.69920640936033,
    8.951036185522685,
    9.196132027271771,
    8.974001909458076,
    8.667621657184249,
    9.576229745357214,
    9.074963008182836,
    9.52247449541415,
    9.93297941923399,
    10.396863389847992,
    10.774386818093388,
    11.282532261624512,
    11.87363406781101,
    12.186406715053979,
    12.514832064045153,
    12.886142532969664,
    13.437670622549744,
    13.752956388389036,
    14.62640426519026,
    15.372053179603611,
    16.032847383764693,
    16.460140755424543
  ],
  "num_tokens_sampled": 246,
  "steering_window": [
    16,
    33
  ],
  "window_k_min": 7.814142623136313,
  "window_k_max": 11.87363406781101
}