{
  "behavior": "verbosity",
  "model_name": "gemma-2-9b",
  "num_pairs": 15,
  "hidden_dim": 3584,
  "num_layers": 42,
  "layer_consistency": [
    0.7567365169525146,
    0.8147985935211182,
    0.8251586556434631,
    0.8496145009994507,
    0.846739649772644,
    0.8281782865524292,
    0.8078871965408325,
    0.8078197836875916,
    0.789825975894928,
    0.7716798782348633,
    0.781663715839386,
    0.7866165637969971,
    0.7916650772094727,
    0.8172012567520142,
    0.8603496551513672,
    0.8712347149848938,
    0.8990774750709534,
    0.8785935044288635,
    0.8791149258613586,
    0.8800047636032104,
    0.8757378458976746,
    0.8741840124130249,
    0.8718688488006592,
    0.8303629159927368,
    0.8107559084892273,
    0.8003258109092712,
    0.7562097311019897,
    0.7706226110458374,
    0.7652825713157654,
    0.75645911693573,
    0.7380827069282532,
    0.705997109413147,
    0.6815720200538635,
    0.6731780171394348,
    0.6614280939102173,
    0.6738066077232361,
    0.6802127361297607,
    0.6692817807197571,
    0.6617092490196228,
    0.6444158554077148,
    0.6016924381256104,
    0.6013351678848267
  ],
  "layer_raw_norms": [
    12.496932983398438,
    16.5744571685791,
    17.671743392944336,
    20.43329620361328,
    21.054828643798828,
    22.06219482421875,
    23.2812442779541,
    25.13062858581543,
    26.43498420715332,
    27.01984214782715,
    29.234573364257812,
    31.732561111450195,
    34.218666076660156,
    39.19300842285156,
    47.94989013671875,
    54.119510650634766,
    66.19927215576172,
    64.78453826904297,
    68.00325012207031,
    69.3052978515625,
    70.44795989990234,
    72.75531005859375,
    74.9988784790039,
    71.38214111328125,
    66.1725845336914,
    72.45528411865234,
    67.92874908447266,
    73.30162048339844,
    77.29336547851562,
    83.32891845703125,
    84.7028579711914,
    84.17798614501953,
    84.37259674072266,
    87.0850830078125,
    86.9353256225586,
    92.66559600830078,
    96.41877746582031,
    98.7656478881836,
    103.65045166015625,
    108.04151153564453,
    106.98716735839844,
    137.91676330566406
  ]
}