{
  "behavior": "sycophancy",
  "model_name": "qwen2.5-3b",
  "num_pairs": 25,
  "hidden_dim": 2048,
  "num_layers": 36,
  "layer_consistency": [
    0.43401041626930237,
    0.4375230371952057,
    0.377517968416214,
    0.36883220076560974,
    0.3753174841403961,
    0.37864020466804504,
    0.39355671405792236,
    0.40034720301628113,
    0.4068812131881714,
    0.41883841156959534,
    0.42730912566185,
    0.4429587125778198,
    0.4412027597427368,
    0.44089022278785706,
    0.44151583313941956,
    0.4537850618362427,
    0.46089741587638855,
    0.4684257507324219,
    0.46933868527412415,
    0.4741332232952118,
    0.4885721504688263,
    0.4815518856048584,
    0.47552573680877686,
    0.47840675711631775,
    0.4801251292228699,
    0.4841207265853882,
    0.48279640078544617,
    0.4895504117012024,
    0.4859706461429596,
    0.47886061668395996,
    0.46960052847862244,
    0.4482068717479706,
    0.45285823941230774,
    0.4434846043586731,
    0.44293004274368286,
    0.45760872960090637
  ],
  "layer_raw_norms": [
    2.3979902267456055,
    2.832355260848999,
    10.404745101928711,
    11.08755874633789,
    11.420528411865234,
    11.618666648864746,
    12.059518814086914,
    12.282198905944824,
    12.568390846252441,
    13.165255546569824,
    13.70407485961914,
    14.796832084655762,
    14.997330665588379,
    14.95168685913086,
    15.20852279663086,
    15.912923812866211,
    16.291723251342773,
    16.91915512084961,
    17.323522567749023,
    17.699169158935547,
    18.706974029541016,
    18.567228317260742,
    18.05402946472168,
    18.886985778808594,
    19.775083541870117,
    20.43326759338379,
    21.349956512451172,
    24.487707138061523,
    26.94716453552246,
    28.493515014648438,
    36.157894134521484,
    39.756309509277344,
    44.85698699951172,
    45.866859436035156,
    48.665618896484375,
    54.78518295288086
  ]
}