{
  "model_name": "gemma-2-2b",
  "model_family": "gemma2",
  "hidden_dim": 2304,
  "num_layers": 26,
  "layer_mean_norms": [
    104.74938201904297,
    125.81848907470703,
    131.08441162109375,
    148.6192626953125,
    169.92083740234375,
    188.6024169921875,
    205.30458068847656,
    233.6826934814453,
    247.50144958496094,
    285.3904113769531,
    318.76080322265625,
    366.0898742675781,
    384.9391784667969,
    408.518798828125,
    415.445556640625,
    473.6091613769531,
    498.30804443359375,
    507.72442626953125,
    538.8314819335938,
    574.8736572265625,
    611.8504028320312,
    658.489501953125,
    718.1061401367188,
    777.3011474609375,
    843.147216796875,
    932.50537109375
  ],
  "layer_std_norms": [
    87.97093963623047,
    133.2431640625,
    155.00840759277344,
    181.58038330078125,
    224.216552734375,
    263.6874084472656,
    301.71148681640625,
    336.7488708496094,
    358.89910888671875,
    406.4518737792969,
    448.9090881347656,
    499.19488525390625,
    548.5770874023438,
    591.8870239257812,
    631.7127075195312,
    676.7368774414062,
    714.065673828125,
    751.371337890625,
    762.9384155273438,
    771.2740478515625,
    769.6720581054688,
    761.1912841796875,
    776.559814453125,
    789.8930053710938,
    766.2686767578125,
    740.2888793945312
  ],
  "k_values": [
    2.182278792063395,
    2.62121852238973,
    2.7309252421061196,
    3.0962346394856772,
    3.5400174458821616,
    3.9292170206705728,
    4.277178764343262,
    4.86838944753011,
    5.1562801996866865,
    5.94563357035319,
    6.640850067138672,
    7.626872380574544,
    8.019566218058268,
    8.510808308919271,
    8.655115763346354,
    9.866857528686523,
    10.381417592366537,
    10.577592213948568,
    11.225655873616537,
    11.976534525553385,
    12.746883392333984,
    13.718531290690104,
    14.96054458618164,
    16.1937739054362,
    17.565567016601562,
    19.427195231119793
  ],
  "num_tokens_sampled": 246,
  "steering_window": [
    10,
    20
  ],
  "window_k_min": 6.640850067138672,
  "window_k_max": 11.976534525553385
}