{
  "behavior": "sycophancy",
  "model_name": "qwen2.5-7b",
  "num_pairs": 25,
  "hidden_dim": 3584,
  "num_layers": 28,
  "layer_consistency": [
    0.42761802673339844,
    0.42461761832237244,
    0.41132187843322754,
    0.3556967079639435,
    0.34026196599006653,
    0.3431742191314697,
    0.3528374433517456,
    0.36548563838005066,
    0.3761536777019501,
    0.37456583976745605,
    0.38132449984550476,
    0.3791033923625946,
    0.38371771574020386,
    0.3970898687839508,
    0.3997402489185333,
    0.40120193362236023,
    0.40620118379592896,
    0.40443533658981323,
    0.41087931394577026,
    0.4239194989204407,
    0.4368481934070587,
    0.44334983825683594,
    0.44606372714042664,
    0.4424031376838684,
    0.4387148916721344,
    0.436259925365448,
    0.4163258373737335,
    0.4910440146923065
  ],
  "layer_raw_norms": [
    1.5789328813552856,
    2.1457743644714355,
    2.672783613204956,
    30.144969940185547,
    35.71072006225586,
    36.347381591796875,
    37.22163391113281,
    36.99879837036133,
    38.033416748046875,
    38.417850494384766,
    38.85540008544922,
    39.0247802734375,
    39.900142669677734,
    41.25617980957031,
    41.38173294067383,
    41.59792709350586,
    41.93903350830078,
    41.891990661621094,
    42.1832389831543,
    44.8467903137207,
    47.662044525146484,
    51.26420974731445,
    55.172142028808594,
    58.31840133666992,
    62.63547897338867,
    66.69945526123047,
    58.201881408691406,
    102.99968719482422
  ]
}