{
  "model_name": "llama-3.1-8b",
  "model_family": "llama",
  "hidden_dim": 4096,
  "num_layers": 32,
  "layer_mean_norms": [
    2.283768653869629,
    50.9310417175293,
    51.633888244628906,
    52.50340270996094,
    53.2946662902832,
    53.97247314453125,
    54.6568603515625,
    55.40470886230469,
    55.8900146484375,
    56.240047454833984,
    56.661128997802734,
    56.92683410644531,
    57.78129577636719,
    58.20253372192383,
    58.92136001586914,
    59.909969329833984,
    61.06688690185547,
    62.2891731262207,
    63.617820739746094,
    64.95901489257812,
    66.50418853759766,
    68.40902709960938,
    70.28691101074219,
    72.42166900634766,
    74.27759552001953,
    76.37660217285156,
    78.86393737792969,
    81.576904296875,
    84.83170318603516,
    89.12916564941406,
    93.21428680419922,
    78.14403533935547
  ],
  "layer_std_norms": [
    3.3382997512817383,
    147.947265625,
    147.7013702392578,
    147.40965270996094,
    147.1560821533203,
    147.033447265625,
    146.86355590820312,
    146.62054443359375,
    146.47628784179688,
    146.36917114257812,
    147.1096649169922,
    147.01678466796875,
    146.73338317871094,
    146.5867462158203,
    146.3422393798828,
    146.035888671875,
    145.68670654296875,
    145.3520050048828,
    144.8993377685547,
    144.4529266357422,
    143.93824768066406,
    143.32852172851562,
    142.7174530029297,
    142.01919555664062,
    141.42446899414062,
    140.7753448486328,
    140.00804138183594,
    138.99838256835938,
    137.9327392578125,
    136.49623107910156,
    135.17303466796875,
    32.8533821105957
  ],
  "k_values": [
    0.03568388521671295,
    0.7957975268363953,
    0.8067795038223267,
    0.8203656673431396,
    0.832729160785675,
    0.8433198928833008,
    0.8540134429931641,
    0.8656985759735107,
    0.8732814788818359,
    0.878750741481781,
    0.8853301405906677,
    0.889481782913208,
    0.9028327465057373,
    0.9094145894050598,
    0.9206462502479553,
    0.936093270778656,
    0.9541701078414917,
    0.9732683300971985,
    0.9940284490585327,
    1.0149846076965332,
    1.0391279458999634,
    1.0688910484313965,
    1.0982329845428467,
    1.1315885782241821,
    1.1605874300003052,
    1.1933844089508057,
    1.2322490215301514,
    1.2746391296386719,
    1.3254953622817993,
    1.3926432132720947,
    1.4564732313156128,
    1.2210005521774292
  ],
  "num_tokens_sampled": 250,
  "steering_window": [
    12,
    25
  ],
  "window_k_min": 0.9028327465057373,
  "window_k_max": 1.1605874300003052
}