{
  "behavior": "formality",
  "model_name": "qwen2.5-3b",
  "num_pairs": 20,
  "hidden_dim": 2048,
  "num_layers": 36,
  "layer_consistency": [
    0.6126933097839355,
    0.6051182746887207,
    0.41541093587875366,
    0.41334813833236694,
    0.41771477460861206,
    0.42240700125694275,
    0.42927008867263794,
    0.45457887649536133,
    0.4552620053291321,
    0.4553506374359131,
    0.46444496512413025,
    0.4811841547489166,
    0.4812944531440735,
    0.495940625667572,
    0.49880751967430115,
    0.5095206499099731,
    0.5053730607032776,
    0.5059465765953064,
    0.5053380727767944,
    0.5076539516448975,
    0.520156979560852,
    0.5240415930747986,
    0.519769549369812,
    0.5261591672897339,
    0.5301907062530518,
    0.5483111143112183,
    0.5460468530654907,
    0.5822381973266602,
    0.5749061703681946,
    0.5736567378044128,
    0.5669360756874084,
    0.556296706199646,
    0.5352936387062073,
    0.5362377166748047,
    0.550719141960144,
    0.5675318837165833
  ],
  "layer_raw_norms": [
    4.338061332702637,
    4.95944881439209,
    14.018758773803711,
    14.376935005187988,
    14.71826457977295,
    15.101958274841309,
    15.444586753845215,
    16.448740005493164,
    16.915935516357422,
    17.203535079956055,
    17.814857482910156,
    19.094982147216797,
    19.32648277282715,
    20.094411849975586,
    20.437808990478516,
    21.377685546875,
    21.60518455505371,
    21.723552703857422,
    22.057371139526367,
    22.046049118041992,
    23.37464714050293,
    23.76336097717285,
    23.30376434326172,
    24.14451026916504,
    25.327720642089844,
    27.42282485961914,
    28.51865005493164,
    34.83342361450195,
    37.46315383911133,
    40.468467712402344,
    45.17843246459961,
    52.16013717651367,
    55.3424072265625,
    58.155399322509766,
    65.64977264404297,
    75.17823791503906
  ]
}