{
  "behavior": "sycophancy",
  "model_name": "llama-3.2-3b",
  "num_pairs": 25,
  "hidden_dim": 3072,
  "num_layers": 28,
  "layer_consistency": [
    0.41983750462532043,
    0.38051894307136536,
    0.3909948766231537,
    0.4084635078907013,
    0.4158627390861511,
    0.4189411401748657,
    0.4359586834907532,
    0.4448513090610504,
    0.4508935809135437,
    0.44930946826934814,
    0.4523574113845825,
    0.45639947056770325,
    0.4532647430896759,
    0.45845770835876465,
    0.4545173943042755,
    0.45788002014160156,
    0.46748337149620056,
    0.4654061198234558,
    0.4615423083305359,
    0.46885982155799866,
    0.4653744101524353,
    0.4665830135345459,
    0.4636805057525635,
    0.4563297927379608,
    0.45663926005363464,
    0.45652031898498535,
    0.4596557319164276,
    0.48698675632476807
  ],
  "layer_raw_norms": [
    0.1957826465368271,
    1.4041879177093506,
    1.4427697658538818,
    1.5438035726547241,
    1.6290545463562012,
    1.6869031190872192,
    1.8175021409988403,
    1.942338466644287,
    2.017451763153076,
    2.053194761276245,
    2.0768213272094727,
    2.2360405921936035,
    2.3404834270477295,
    2.469924211502075,
    2.696073532104492,
    3.012939929962158,
    3.348808765411377,
    3.496955633163452,
    3.6440000534057617,
    4.23916482925415,
    4.651862144470215,
    4.972404956817627,
    5.366501808166504,
    5.727174758911133,
    6.153053283691406,
    6.782424449920654,
    7.620860576629639,
    9.658543586730957
  ]
}