{
  "behavior": "refusal",
  "model_name": "qwen2.5-7b",
  "num_pairs": 20,
  "hidden_dim": 3584,
  "num_layers": 28,
  "layer_consistency": [
    0.4906372129917145,
    0.5012653470039368,
    0.48575353622436523,
    0.4854462742805481,
    0.5024112462997437,
    0.5042661428451538,
    0.5047847032546997,
    0.5054858326911926,
    0.5110224485397339,
    0.5075439214706421,
    0.5060212016105652,
    0.5088911056518555,
    0.5107993483543396,
    0.5209132432937622,
    0.5270839929580688,
    0.5308725237846375,
    0.5296934843063354,
    0.5333619117736816,
    0.5401532053947449,
    0.5384855270385742,
    0.5413010120391846,
    0.5367258787155151,
    0.5321703553199768,
    0.5224997401237488,
    0.5133858323097229,
    0.5117708444595337,
    0.5114310383796692,
    0.537803053855896
  ],
  "layer_raw_norms": [
    1.8494449853897095,
    2.6418933868408203,
    3.376830816268921,
    19.03074073791504,
    25.30963134765625,
    25.816112518310547,
    26.497074127197266,
    27.61954689025879,
    28.81734275817871,
    29.0875244140625,
    29.376237869262695,
    30.43600082397461,
    31.029573440551758,
    32.18387985229492,
    32.998558044433594,
    33.52217102050781,
    33.34611511230469,
    34.29169845581055,
    35.98540115356445,
    38.81938934326172,
    42.82487869262695,
    48.05740737915039,
    54.19619369506836,
    60.117462158203125,
    67.16587829589844,
    75.44328308105469,
    81.19600677490234,
    125.85828399658203
  ]
}