{
  "behavior": "refusal",
  "model_name": "qwen2.5-3b",
  "num_pairs": 20,
  "hidden_dim": 2048,
  "num_layers": 36,
  "layer_consistency": [
    0.48487433791160583,
    0.49707236886024475,
    0.5963378548622131,
    0.5865820646286011,
    0.583923876285553,
    0.5763858556747437,
    0.5763587951660156,
    0.5751388072967529,
    0.5681135654449463,
    0.5652888417243958,
    0.5726946592330933,
    0.57154381275177,
    0.562292218208313,
    0.5654887557029724,
    0.5582809448242188,
    0.5671723484992981,
    0.5696662664413452,
    0.5762814283370972,
    0.5790504217147827,
    0.5815495252609253,
    0.582454264163971,
    0.5816478133201599,
    0.5848091840744019,
    0.5857383012771606,
    0.5899312496185303,
    0.5928370356559753,
    0.5959328413009644,
    0.5891581773757935,
    0.5817670822143555,
    0.5767725706100464,
    0.5462935566902161,
    0.5377697944641113,
    0.5347970724105835,
    0.529334545135498,
    0.5253924131393433,
    0.5288794636726379
  ],
  "layer_raw_norms": [
    2.768869400024414,
    3.2942657470703125,
    10.697103500366211,
    11.271912574768066,
    11.649327278137207,
    11.682583808898926,
    12.313899993896484,
    12.758596420288086,
    13.33387565612793,
    13.816937446594238,
    14.643777847290039,
    15.67054271697998,
    15.948114395141602,
    16.00552749633789,
    16.0670166015625,
    16.75033187866211,
    17.17737579345703,
    17.636499404907227,
    18.350627899169922,
    18.635507583618164,
    19.54950714111328,
    19.825403213500977,
    20.006376266479492,
    20.70866584777832,
    22.526819229125977,
    23.35904884338379,
    25.501502990722656,
    29.056644439697266,
    32.666168212890625,
    35.406776428222656,
    48.540428161621094,
    55.09403991699219,
    60.31387710571289,
    62.42018127441406,
    65.00428009033203,
    67.86168670654297
  ]
}