{
  "behavior": "verbosity",
  "model_name": "llama-3.1-8b",
  "num_pairs": 15,
  "hidden_dim": 4096,
  "num_layers": 32,
  "layer_consistency": [
    0.8590611815452576,
    0.9996511936187744,
    0.9991669058799744,
    0.9981483817100525,
    0.996728241443634,
    0.9953734278678894,
    0.9938843250274658,
    0.9920230507850647,
    0.9907210469245911,
    0.9882602095603943,
    0.9870487451553345,
    0.9858999848365784,
    0.9836132526397705,
    0.9790007472038269,
    0.9777048826217651,
    0.9714176058769226,
    0.9659852385520935,
    0.9555456042289734,
    0.9476807713508606,
    0.9389577507972717,
    0.9309823513031006,
    0.9151047468185425,
    0.9015474319458008,
    0.8846414685249329,
    0.872209906578064,
    0.8585952520370483,
    0.8387004733085632,
    0.8264935612678528,
    0.8071888089179993,
    0.794004499912262,
    0.76301109790802,
    0.5855468511581421
  ],
  "layer_raw_norms": [
    0.2568203806877136,
    9.526344299316406,
    9.536559104919434,
    9.54262638092041,
    9.54834270477295,
    9.563668251037598,
    9.571163177490234,
    9.576765060424805,
    9.597870826721191,
    9.606549263000488,
    9.666878700256348,
    9.686750411987305,
    9.699127197265625,
    9.753232955932617,
    9.792644500732422,
    9.88067626953125,
    10.038128852844238,
    10.19551944732666,
    10.27768611907959,
    10.474106788635254,
    10.543890953063965,
    10.77820110321045,
    10.90145206451416,
    10.986417770385742,
    11.071142196655273,
    11.253849983215332,
    11.409259796142578,
    11.72453498840332,
    11.787837028503418,
    12.179784774780273,
    12.497233390808105,
    10.442737579345703
  ]
}