{
  "formality": {
    "num_pairs": 20,
    "window_consistency_mean": 0.5026683590628884,
    "peak_consistency_layer": 0,
    "peak_consistency": 0.573419451713562
  },
  "refusal": {
    "num_pairs": 20,
    "window_consistency_mean": 0.5476564114744013,
    "peak_consistency_layer": 11,
    "peak_consistency": 0.5613195300102234
  },
  "sycophancy": {
    "num_pairs": 25,
    "window_consistency_mean": 0.4614334892142903,
    "peak_consistency_layer": 27,
    "peak_consistency": 0.48698675632476807
  },
  "verbosity": {
    "num_pairs": 15,
    "window_consistency_mean": 0.9634884162382646,
    "peak_consistency_layer": 1,
    "peak_consistency": 0.9992833733558655
  }
}