{
  "formality": {
    "num_pairs": 20,
    "window_consistency_mean": 0.4904158963606908,
    "peak_consistency_layer": 31,
    "peak_consistency": 0.608626663684845
  },
  "refusal": {
    "num_pairs": 20,
    "window_consistency_mean": 0.543935619867765,
    "peak_consistency_layer": 13,
    "peak_consistency": 0.5584269762039185
  },
  "sycophancy": {
    "num_pairs": 25,
    "window_consistency_mean": 0.4574979337362143,
    "peak_consistency_layer": 31,
    "peak_consistency": 0.5274866223335266
  },
  "verbosity": {
    "num_pairs": 15,
    "window_consistency_mean": 0.9403378275724558,
    "peak_consistency_layer": 1,
    "peak_consistency": 0.9996511936187744
  }
}