{
  "formality": {
    "num_pairs": 20,
    "window_consistency_mean": 0.5583819221047794,
    "peak_consistency_layer": 4,
    "peak_consistency": 0.6032315492630005
  },
  "refusal": {
    "num_pairs": 20,
    "window_consistency_mean": 0.5673032367930693,
    "peak_consistency_layer": 27,
    "peak_consistency": 0.581253170967102
  },
  "sycophancy": {
    "num_pairs": 25,
    "window_consistency_mean": 0.48469560987809124,
    "peak_consistency_layer": 24,
    "peak_consistency": 0.4988374710083008
  },
  "verbosity": {
    "num_pairs": 15,
    "window_consistency_mean": 0.8102501104859745,
    "peak_consistency_layer": 16,
    "peak_consistency": 0.8990774750709534
  }
}