{
  "formality": {
    "num_pairs": 20,
    "window_consistency_mean": 0.5235395708254406,
    "peak_consistency_layer": 0,
    "peak_consistency": 0.6126933097839355
  },
  "refusal": {
    "num_pairs": 20,
    "window_consistency_mean": 0.5810364144189017,
    "peak_consistency_layer": 2,
    "peak_consistency": 0.5963378548622131
  },
  "sycophancy": {
    "num_pairs": 25,
    "window_consistency_mean": 0.4734817977462496,
    "peak_consistency_layer": 27,
    "peak_consistency": 0.4895504117012024
  },
  "verbosity": {
    "num_pairs": 15,
    "window_consistency_mean": 0.9788793325424194,
    "peak_consistency_layer": 3,
    "peak_consistency": 0.9973412752151489
  }
}