{
  "behavior": "verbosity",
  "model_name": "llama-3.2-1b",
  "num_pairs": 15,
  "hidden_dim": 2048,
  "num_layers": 16,
  "layer_consistency": [
    0.9536821842193604,
    0.9990467429161072,
    0.998127281665802,
    0.996780276298523,
    0.9956262111663818,
    0.9949753880500793,
    0.9939729571342468,
    0.9927123785018921,
    0.9920562505722046,
    0.9875504970550537,
    0.9850276708602905,
    0.9788193106651306,
    0.9697179198265076,
    0.9580891132354736,
    0.942495584487915,
    0.8804019689559937
  ],
  "layer_raw_norms": [
    0.7314197421073914,
    8.119889259338379,
    8.150209426879883,
    8.160151481628418,
    8.171056747436523,
    8.20563793182373,
    8.21884822845459,
    8.24578857421875,
    8.317109107971191,
    8.398386001586914,
    8.467666625976562,
    8.58159065246582,
    8.716568946838379,
    8.860058784484863,
    9.183185577392578,
    7.839785099029541
  ]
}