{
  "model_name": "qwen2.5-3b",
  "model_family": "qwen2",
  "hidden_dim": 2048,
  "num_layers": 36,
  "layer_mean_norms": [
    23.035871505737305,
    40.998565673828125,
    405.8404235839844,
    437.7103576660156,
    449.57342529296875,
    454.5903015136719,
    459.43548583984375,
    466.0315856933594,
    471.4295654296875,
    475.9188537597656,
    480.43841552734375,
    487.93182373046875,
    489.8597412109375,
    493.84185791015625,
    494.28155517578125,
    495.22259521484375,
    503.0624084472656,
    509.3383483886719,
    512.2056884765625,
    511.7132263183594,
    518.4361572265625,
    519.1962890625,
    516.4837036132812,
    520.0009765625,
    524.3884887695312,
    528.2467041015625,
    540.413330078125,
    549.3804321289062,
    559.79248046875,
    569.3574829101562,
    257.9053955078125,
    312.21942138671875,
    365.6996154785156,
    427.1066589355469,
    484.506103515625,
    537.050537109375
  ],
  "layer_std_norms": [
    2.983883857727051,
    39.28171920776367,
    1079.4019775390625,
    1164.7432861328125,
    1189.3037109375,
    1195.301025390625,
    1197.5709228515625,
    1199.9154052734375,
    1200.175048828125,
    1202.2259521484375,
    1203.509521484375,
    1202.556396484375,
    1202.2186279296875,
    1201.533935546875,
    1201.930908203125,
    1202.0576171875,
    1218.3795166015625,
    1236.3831787109375,
    1236.420166015625,
    1238.3360595703125,
    1236.6500244140625,
    1234.39990234375,
    1232.8935546875,
    1230.34619140625,
    1226.7802734375,
    1219.769287109375,
    1211.0286865234375,
    1199.6455078125,
    1182.30224609375,
    1159.31298828125,
    176.3496856689453,
    155.62887573242188,
    149.88864135742188,
    113.4145736694336,
    56.19826889038086,
    207.99609375
  ],
  "k_values": [
    0.5090256547577754,
    0.9059488689651838,
    8.967891112370506,
    9.672123815663399,
    9.934263052060059,
    10.045121401936083,
    10.152185861096548,
    10.297940452840438,
    10.417220080223725,
    10.516420274626846,
    10.616289423809532,
    10.781871916141675,
    10.824473276266911,
    10.91246645506359,
    10.92218248375711,
    10.942976727288022,
    11.116213761659319,
    11.254893751999566,
    11.318253615128175,
    11.30737163601745,
    11.455928824599921,
    11.47272552384327,
    11.41278528741544,
    11.490506773467834,
    11.587458012034414,
    11.672713331551826,
    11.941560323182694,
    12.139707156548294,
    12.369783093646596,
    12.581141783908603,
    5.698957939630398,
    6.899139690021531,
    8.080896186942853,
    9.437812963226722,
    10.706173478817805,
    11.867252394684895
  ],
  "num_tokens_sampled": 228,
  "steering_window": [
    14,
    28
  ],
  "window_k_min": 10.92218248375711,
  "window_k_max": 12.139707156548294
}