{
  "behavior": "sycophancy",
  "model_name": "gemma-2-2b",
  "num_pairs": 25,
  "hidden_dim": 2304,
  "num_layers": 26,
  "layer_consistency": [
    0.41567015647888184,
    0.4158737063407898,
    0.4270993769168854,
    0.4378855228424072,
    0.45155593752861023,
    0.46814459562301636,
    0.49180182814598083,
    0.48984482884407043,
    0.4804469347000122,
    0.4820234179496765,
    0.49951666593551636,
    0.4873632788658142,
    0.49479660391807556,
    0.48305991291999817,
    0.4941543638706207,
    0.4979931712150574,
    0.47304999828338623,
    0.4841621518135071,
    0.46880826354026794,
    0.46907034516334534,
    0.4676109552383423,
    0.45753565430641174,
    0.4449302554130554,
    0.42909786105155945,
    0.4320510923862457,
    0.4082280695438385
  ],
  "layer_raw_norms": [
    6.57664155960083,
    7.331573009490967,
    7.993062973022461,
    8.699507713317871,
    10.429010391235352,
    12.354487419128418,
    13.37106990814209,
    16.79884147644043,
    17.030315399169922,
    19.051027297973633,
    21.410470962524414,
    23.573366165161133,
    24.259517669677734,
    28.197092056274414,
    29.75326156616211,
    34.08374786376953,
    37.309043884277344,
    39.710636138916016,
    43.24580383300781,
    48.53685760498047,
    52.49814987182617,
    60.074851989746094,
    65.29399108886719,
    68.94915008544922,
    77.79158782958984,
    87.1836929321289
  ]
}