{
  "behavior": "verbosity",
  "model_name": "qwen2.5-3b",
  "num_pairs": 15,
  "hidden_dim": 2048,
  "num_layers": 36,
  "layer_consistency": [
    0.33331361413002014,
    0.6082398891448975,
    0.9972333312034607,
    0.9973412752151489,
    0.9968969821929932,
    0.9964266419410706,
    0.9954805374145508,
    0.9944155812263489,
    0.9928410053253174,
    0.9918507933616638,
    0.9909296631813049,
    0.9885791540145874,
    0.9872695207595825,
    0.9869596362113953,
    0.985836923122406,
    0.98458331823349,
    0.9850257635116577,
    0.9851041436195374,
    0.9838298559188843,
    0.9831238389015198,
    0.9823257327079773,
    0.9809958338737488,
    0.9811943173408508,
    0.9786607623100281,
    0.9749645590782166,
    0.9718326330184937,
    0.9696646332740784,
    0.9571683406829834,
    0.9445763230323792,
    0.9336144924163818,
    0.5612340569496155,
    0.5881410837173462,
    0.5817919969558716,
    0.5677987337112427,
    0.582602858543396,
    0.7661018967628479
  ],
  "layer_raw_norms": [
    1.1362731456756592,
    2.961432933807373,
    64.60728454589844,
    69.935546875,
    71.63652038574219,
    72.26301574707031,
    72.52852630615234,
    72.85054779052734,
    72.87540435791016,
    73.4666519165039,
    73.83876037597656,
    74.19554138183594,
    74.08061981201172,
    74.13874053955078,
    74.38319396972656,
    74.15929412841797,
    76.19295501708984,
    76.8477783203125,
    77.25094604492188,
    77.79502868652344,
    77.96992492675781,
    77.80155181884766,
    76.70173645019531,
    77.25395202636719,
    78.22881317138672,
    77.48621368408203,
    78.85102081298828,
    78.65083312988281,
    78.7990951538086,
    78.79306030273438,
    28.04959487915039,
    36.20362854003906,
    40.98857879638672,
    42.525169372558594,
    48.31118392944336,
    94.14944458007812
  ]
}