{
  "model_name": "qwen2.5-7b",
  "model_family": "qwen2",
  "hidden_dim": 3584,
  "num_layers": 28,
  "layer_mean_norms": [
    18.568540573120117,
    28.577253341674805,
    33.3552131652832,
    1224.1492919921875,
    1511.6529541015625,
    1534.466064453125,
    1559.8924560546875,
    1579.50927734375,
    1595.47802734375,
    1618.8094482421875,
    1629.1494140625,
    1663.43994140625,
    1682.7486572265625,
    1690.468505859375,
    1694.3343505859375,
    1703.3612060546875,
    1704.7220458984375,
    1708.9622802734375,
    1719.53857421875,
    1731.0513916015625,
    1741.688232421875,
    1762.621337890625,
    1792.6962890625,
    1831.124755859375,
    1868.1915283203125,
    1891.4071044921875,
    833.2474365234375,
    782.1669311523438
  ],
  "layer_std_norms": [
    7.321101188659668,
    17.98874282836914,
    15.39360523223877,
    3386.284423828125,
    4193.9091796875,
    4252.13037109375,
    4304.63818359375,
    4334.29150390625,
    4352.9375,
    4417.49951171875,
    4434.5205078125,
    4521.67626953125,
    4569.96923828125,
    4586.98974609375,
    4592.3681640625,
    4600.248046875,
    4603.015625,
    4600.5498046875,
    4592.30810546875,
    4584.83447265625,
    4550.138671875,
    4536.3154296875,
    4513.1728515625,
    4475.77685546875,
    4418.03369140625,
    4287.8994140625,
    1035.5150146484375,
    480.1329345703125
  ],
  "k_values": [
    0.3101657008795827,
    0.4773495136588743,
    0.5571597309254523,
    20.447978754002943,
    25.25039036586054,
    25.631456628638276,
    26.056174690937354,
    26.38385069219291,
    26.650589939492228,
    27.040313972298346,
    27.21303097895264,
    27.785814036685302,
    28.108343497302226,
    28.237294518113565,
    28.30186892202992,
    28.4526519597263,
    28.475383193894082,
    28.546211337960475,
    28.722875928876416,
    28.915184045854005,
    29.09286000133285,
    29.442522986624216,
    29.944889786664895,
    30.58679227172259,
    31.205949249322305,
    31.59373823178529,
    13.91842154409987,
    13.06518158766282
  ],
  "num_tokens_sampled": 228,
  "steering_window": [
    11,
    22
  ],
  "window_k_min": 27.785814036685302,
  "window_k_max": 29.442522986624216
}