{
  "behavior": "refusal",
  "model_name": "llama-3.1-8b",
  "num_pairs": 20,
  "hidden_dim": 4096,
  "num_layers": 32,
  "layer_consistency": [
    0.4736637473106384,
    0.5537352561950684,
    0.55096435546875,
    0.5508058667182922,
    0.5473381280899048,
    0.5427769422531128,
    0.5442066788673401,
    0.5495681762695312,
    0.5477270483970642,
    0.5448734164237976,
    0.5510419607162476,
    0.5514733195304871,
    0.5573559999465942,
    0.5584269762039185,
    0.5548842549324036,
    0.5490706562995911,
    0.5463414788246155,
    0.5483106374740601,
    0.546434760093689,
    0.5439661145210266,
    0.5437746644020081,
    0.5426676869392395,
    0.5311389565467834,
    0.5265058875083923,
    0.522284984588623,
    0.5237848162651062,
    0.5190638899803162,
    0.5144843459129333,
    0.5150324106216431,
    0.5154542922973633,
    0.5092731714248657,
    0.5091090798377991
  ],
  "layer_raw_norms": [
    0.1245238408446312,
    1.1924651861190796,
    1.2152976989746094,
    1.2980983257293701,
    1.4014102220535278,
    1.4986757040023804,
    1.6388087272644043,
    1.8060636520385742,
    1.909004807472229,
    2.008049964904785,
    2.142463207244873,
    2.1504404544830322,
    2.321230411529541,
    2.5643091201782227,
    2.6603267192840576,
    3.0022175312042236,
    3.299187183380127,
    3.7886672019958496,
    4.1220316886901855,
    4.390420913696289,
    4.747786045074463,
    5.435540199279785,
    5.835351467132568,
    6.370645999908447,
    6.7129106521606445,
    7.286918640136719,
    7.6984477043151855,
    8.091217041015625,
    8.797425270080566,
    9.8452787399292,
    11.045740127563477,
    16.491718292236328
  ]
}