{
  "behavior": "refusal",
  "model_name": "llama-3.2-1b",
  "num_pairs": 20,
  "hidden_dim": 2048,
  "num_layers": 16,
  "layer_consistency": [
    0.5038797855377197,
    0.557390570640564,
    0.5574818849563599,
    0.5632690191268921,
    0.5671437382698059,
    0.5707215070724487,
    0.5635213255882263,
    0.5701454877853394,
    0.5666819214820862,
    0.5619013905525208,
    0.5646024942398071,
    0.562109649181366,
    0.5482902526855469,
    0.5259504318237305,
    0.5261284112930298,
    0.5116518139839172
  ],
  "layer_raw_norms": [
    0.21203555166721344,
    1.0517909526824951,
    1.1064040660858154,
    1.2244676351547241,
    1.3170242309570312,
    1.3745951652526855,
    1.4097557067871094,
    1.4994134902954102,
    1.567952036857605,
    1.8259520530700684,
    2.022306442260742,
    2.3393747806549072,
    2.67470383644104,
    3.1761715412139893,
    3.831608533859253,
    4.5879225730896
  ]
}