{
  "behavior": "verbosity",
  "model_name": "gemma-2-2b",
  "num_pairs": 15,
  "hidden_dim": 2304,
  "num_layers": 26,
  "layer_consistency": [
    0.7755559682846069,
    0.7277610301971436,
    0.735382080078125,
    0.770182728767395,
    0.8033876419067383,
    0.8220168948173523,
    0.8455143570899963,
    0.8482779264450073,
    0.8294984102249146,
    0.8448770642280579,
    0.8731578588485718,
    0.8815138339996338,
    0.8884977698326111,
    0.8635959625244141,
    0.8635135293006897,
    0.8667776584625244,
    0.8480766415596008,
    0.8356987237930298,
    0.8128083348274231,
    0.7950727343559265,
    0.7807607650756836,
    0.766422688961029,
    0.7497009038925171,
    0.7218372225761414,
    0.6593572497367859,
    0.6071720719337463
  ],
  "layer_raw_norms": [
    12.1800537109375,
    11.80931568145752,
    12.866875648498535,
    14.912790298461914,
    18.29619598388672,
    21.428024291992188,
    23.677276611328125,
    28.675281524658203,
    28.371776580810547,
    32.50328826904297,
    40.28840255737305,
    47.02702331542969,
    49.78083801269531,
    53.86359405517578,
    56.24272918701172,
    63.683380126953125,
    67.54865264892578,
    68.80313110351562,
    71.6878890991211,
    76.82511901855469,
    80.90138244628906,
    88.6249771118164,
    93.27676391601562,
    97.4017105102539,
    97.37615203857422,
    128.54953002929688
  ]
}