{
  "model_name": "llama-3.2-1b",
  "model_family": "llama",
  "hidden_dim": 2048,
  "num_layers": 16,
  "layer_mean_norms": [
    5.210221767425537,
    44.26883316040039,
    45.04759216308594,
    45.71417236328125,
    46.197078704833984,
    46.566707611083984,
    46.95769500732422,
    47.419898986816406,
    48.070030212402344,
    49.32399368286133,
    50.26089096069336,
    51.95517349243164,
    53.87590026855469,
    56.15166091918945,
    60.018978118896484,
    56.44677734375
  ],
  "layer_std_norms": [
    10.427175521850586,
    125.58777618408203,
    125.47731018066406,
    125.4227294921875,
    125.5584945678711,
    125.73931121826172,
    125.94620513916016,
    126.13336181640625,
    126.18270874023438,
    126.07062530517578,
    125.8655014038086,
    125.34928131103516,
    124.82843017578125,
    124.14273834228516,
    126.02606964111328,
    96.17757415771484
  ],
  "k_values": [
    0.11513072322601112,
    0.9782122538417193,
    0.9954205592076262,
    1.0101500398252135,
    1.0208208632248987,
    1.0289885852915217,
    1.03762826776777,
    1.0478416292737178,
    1.0622076354697472,
    1.0899165752610525,
    1.1106192758369975,
    1.1480579841944367,
    1.1905004507007861,
    1.2407881315889533,
    1.32624457586746,
    1.24730934487165
  ],
  "num_tokens_sampled": 250,
  "steering_window": [
    6,
    12
  ],
  "window_k_min": 1.03762826776777,
  "window_k_max": 1.1480579841944367
}