{
  "behavior": "formality",
  "model_name": "gemma-2-9b",
  "num_pairs": 20,
  "hidden_dim": 3584,
  "num_layers": 42,
  "layer_consistency": [
    0.5687516927719116,
    0.5855359435081482,
    0.5874003171920776,
    0.5984796285629272,
    0.6032315492630005,
    0.5958269238471985,
    0.5797460079193115,
    0.5700045824050903,
    0.5675757527351379,
    0.5620638728141785,
    0.5666168928146362,
    0.5564226508140564,
    0.5549499988555908,
    0.5439625978469849,
    0.5530050992965698,
    0.561475932598114,
    0.5691711902618408,
    0.5564215779304504,
    0.5427678823471069,
    0.5475379228591919,
    0.5436038374900818,
    0.543009877204895,
    0.5483911633491516,
    0.558323323726654,
    0.5619266033172607,
    0.5535876154899597,
    0.5538104176521301,
    0.5666009187698364,
    0.5678526163101196,
    0.5763481259346008,
    0.5748980641365051,
    0.5672208666801453,
    0.5610206723213196,
    0.5588432550430298,
    0.5537981986999512,
    0.5462607145309448,
    0.5340028405189514,
    0.5348214507102966,
    0.5265650153160095,
    0.516869068145752,
    0.5025047063827515,
    0.4958256185054779
  ],
  "layer_raw_norms": [
    12.41797161102295,
    14.247175216674805,
    14.836243629455566,
    16.148880004882812,
    17.217885971069336,
    19.272239685058594,
    20.87971305847168,
    22.347177505493164,
    24.83254051208496,
    26.232975006103516,
    28.10064125061035,
    29.28522491455078,
    30.42109489440918,
    30.965852737426758,
    32.69246292114258,
    35.13105010986328,
    38.116233825683594,
    39.49604797363281,
    39.17485046386719,
    39.5341911315918,
    39.20053482055664,
    40.08842849731445,
    41.28988265991211,
    44.52248764038086,
    45.515602111816406,
    50.615028381347656,
    55.08871078491211,
    59.354827880859375,
    62.62706756591797,
    71.39226531982422,
    75.41947937011719,
    77.96257781982422,
    80.36046600341797,
    85.47354888916016,
    87.27315521240234,
    88.26741790771484,
    90.31014251708984,
    97.86624145507812,
    104.40288543701172,
    110.17192077636719,
    116.33434295654297,
    127.73188781738281
  ]
}