{
  "behavior": "formality",
  "model_name": "llama-3.1-8b",
  "num_pairs": 20,
  "hidden_dim": 4096,
  "num_layers": 32,
  "layer_consistency": [
    0.5355926752090454,
    0.25007569789886475,
    0.27616041898727417,
    0.3159979283809662,
    0.3432348072528839,
    0.35938453674316406,
    0.3746888041496277,
    0.38771599531173706,
    0.4026823043823242,
    0.4235660135746002,
    0.4165993630886078,
    0.4166751503944397,
    0.4269111156463623,
    0.44651883840560913,
    0.4528287947177887,
    0.45997244119644165,
    0.4728825092315674,
    0.4914214015007019,
    0.49652713537216187,
    0.5042486786842346,
    0.5009910464286804,
    0.5338960886001587,
    0.530489444732666,
    0.5314587354660034,
    0.527260422706604,
    0.5394206047058105,
    0.5387399792671204,
    0.5404216647148132,
    0.5368320345878601,
    0.5382413864135742,
    0.5509961843490601,
    0.608626663684845
  ],
  "layer_raw_norms": [
    0.1708136349916458,
    0.7725385427474976,
    0.8286013603210449,
    0.9428067207336426,
    1.0586265325546265,
    1.163833498954773,
    1.275424599647522,
    1.3888700008392334,
    1.5131655931472778,
    1.6746976375579834,
    1.684199333190918,
    1.6980589628219604,
    1.7953225374221802,
    2.0267186164855957,
    2.140756130218506,
    2.427504777908325,
    2.7384767532348633,
    3.257511615753174,
    3.606508493423462,
    3.9498214721679688,
    4.208775043487549,
    5.206850051879883,
    5.641207218170166,
    6.27801513671875,
    6.599570274353027,
    7.307230472564697,
    7.777162075042725,
    8.301961898803711,
    8.859292984008789,
    9.747523307800293,
    11.457305908203125,
    19.355253219604492
  ]
}