{
  "behavior": "refusal",
  "model_name": "gemma-2-9b",
  "num_pairs": 20,
  "hidden_dim": 3584,
  "num_layers": 42,
  "layer_consistency": [
    0.453239381313324,
    0.4462403357028961,
    0.46168994903564453,
    0.4823526442050934,
    0.4951285421848297,
    0.5206748247146606,
    0.5127975940704346,
    0.5178584456443787,
    0.526272177696228,
    0.5214368104934692,
    0.5221917033195496,
    0.5310412645339966,
    0.5378601551055908,
    0.540316104888916,
    0.5477756261825562,
    0.5481849908828735,
    0.5534628033638,
    0.550986111164093,
    0.5500580668449402,
    0.5609334707260132,
    0.5563401579856873,
    0.5682374835014343,
    0.57035231590271,
    0.5730449557304382,
    0.5798567533493042,
    0.5766666531562805,
    0.5713722109794617,
    0.581253170967102,
    0.5807019472122192,
    0.5729248523712158,
    0.5684546232223511,
    0.5676227807998657,
    0.5618866682052612,
    0.5588167309761047,
    0.5562353134155273,
    0.5511702299118042,
    0.5445045232772827,
    0.5356047749519348,
    0.5364391207695007,
    0.5260035395622253,
    0.5174652338027954,
    0.5065128803253174
  ],
  "layer_raw_norms": [
    8.035904884338379,
    8.573716163635254,
    9.218181610107422,
    10.209763526916504,
    11.196413040161133,
    14.05805778503418,
    16.23993682861328,
    18.17580795288086,
    21.28010368347168,
    23.255247116088867,
    24.71459197998047,
    27.5565185546875,
    29.39272117614746,
    31.350576400756836,
    33.27266311645508,
    34.74991989135742,
    37.438838958740234,
    40.591217041015625,
    42.569740295410156,
    43.70326614379883,
    43.835792541503906,
    47.733455657958984,
    48.26650619506836,
    51.931121826171875,
    53.18858337402344,
    59.02322769165039,
    65.1402359008789,
    68.29974365234375,
    70.80813598632812,
    76.24781799316406,
    78.78825378417969,
    82.5751953125,
    83.79926300048828,
    88.37236785888672,
    90.83524322509766,
    92.55127716064453,
    96.58023071289062,
    101.74762725830078,
    110.9287109375,
    118.55137634277344,
    128.5083770751953,
    135.40228271484375
  ]
}