{
  "behavior": "refusal",
  "model_name": "llama-3.2-3b",
  "num_pairs": 20,
  "hidden_dim": 3072,
  "num_layers": 28,
  "layer_consistency": [
    0.48580703139305115,
    0.5532993674278259,
    0.5532621145248413,
    0.5515874624252319,
    0.5483272671699524,
    0.5478545427322388,
    0.5485138893127441,
    0.5514500737190247,
    0.5517017841339111,
    0.552130937576294,
    0.5571473836898804,
    0.5613195300102234,
    0.5576490759849548,
    0.555420458316803,
    0.5501847267150879,
    0.5421706438064575,
    0.5476136207580566,
    0.5462368130683899,
    0.5463106036186218,
    0.5429667234420776,
    0.5384518504142761,
    0.5358964800834656,
    0.5330003499984741,
    0.5253159999847412,
    0.5196913480758667,
    0.5167524218559265,
    0.509565532207489,
    0.5006094574928284
  ],
  "layer_raw_norms": [
    0.23667870461940765,
    1.4572296142578125,
    1.5240248441696167,
    1.6572010517120361,
    1.7860404253005981,
    1.8867017030715942,
    2.011143445968628,
    2.1732614040374756,
    2.25420880317688,
    2.342135190963745,
    2.375286340713501,
    2.5827391147613525,
    2.765232563018799,
    2.9057633876800537,
    3.2745919227600098,
    3.613518476486206,
    3.9783670902252197,
    4.16642951965332,
    4.4153971672058105,
    5.136170864105225,
    5.730574131011963,
    6.093862533569336,
    6.57551908493042,
    7.095015048980713,
    7.542972087860107,
    8.455032348632812,
    9.334111213684082,
    11.30136489868164
  ]
}