{
  "behavior": "refusal",
  "model_name": "gemma-2-2b",
  "num_pairs": 20,
  "hidden_dim": 2304,
  "num_layers": 26,
  "layer_consistency": [
    0.4454883635044098,
    0.45489591360092163,
    0.4730049967765808,
    0.4902562201023102,
    0.5213265419006348,
    0.5355225205421448,
    0.5435606241226196,
    0.5376584529876709,
    0.5332673788070679,
    0.5305285453796387,
    0.532359778881073,
    0.5360892415046692,
    0.5443543195724487,
    0.5566083788871765,
    0.5577430725097656,
    0.5768782496452332,
    0.5537217855453491,
    0.5560620427131653,
    0.5522048473358154,
    0.548296332359314,
    0.5468554496765137,
    0.5433416366577148,
    0.5325757265090942,
    0.5223428010940552,
    0.5262190103530884,
    0.5056223273277283
  ],
  "layer_raw_norms": [
    7.179238796234131,
    8.343972206115723,
    9.101247787475586,
    10.165771484375,
    12.688766479492188,
    14.79600715637207,
    15.394658088684082,
    19.348182678222656,
    19.995912551879883,
    21.978750228881836,
    23.466815948486328,
    27.476961135864258,
    28.016477584838867,
    35.0261116027832,
    36.03358840942383,
    42.58768844604492,
    47.96065902709961,
    49.49761962890625,
    55.43866729736328,
    61.346981048583984,
    66.11041259765625,
    78.0074691772461,
    85.06340026855469,
    91.58238983154297,
    103.6143798828125,
    120.3747329711914
  ]
}