{
  "behavior": "sycophancy",
  "model_name": "llama-3.1-8b",
  "num_pairs": 25,
  "hidden_dim": 4096,
  "num_layers": 32,
  "layer_consistency": [
    0.4171507954597473,
    0.37363189458847046,
    0.38192299008369446,
    0.39633309841156006,
    0.4082731008529663,
    0.41299331188201904,
    0.4308614432811737,
    0.44238632917404175,
    0.4486640989780426,
    0.4482819437980652,
    0.4467005431652069,
    0.449240118265152,
    0.4568864107131958,
    0.45244696736335754,
    0.4555297791957855,
    0.44882798194885254,
    0.45902711153030396,
    0.4580424427986145,
    0.4601770043373108,
    0.46060943603515625,
    0.4560996890068054,
    0.46355313062667847,
    0.4589267075061798,
    0.45894530415534973,
    0.4584011733531952,
    0.46608299016952515,
    0.461354523897171,
    0.464321494102478,
    0.4611583650112152,
    0.46408721804618835,
    0.4680669903755188,
    0.5274866223335266
  ],
  "layer_raw_norms": [
    0.10614509135484695,
    1.147753119468689,
    1.1650341749191284,
    1.219502329826355,
    1.293260097503662,
    1.3512612581253052,
    1.46662175655365,
    1.5867096185684204,
    1.6776554584503174,
    1.756873607635498,
    1.8054771423339844,
    1.8342775106430054,
    1.977535367012024,
    2.111023426055908,
    2.227849006652832,
    2.412883996963501,
    2.73020076751709,
    3.0622265338897705,
    3.3578567504882812,
    3.576598882675171,
    3.802316427230835,
    4.3667192459106445,
    4.709690093994141,
    5.14007043838501,
    5.428070545196533,
    6.022937297821045,
    6.350937843322754,
    6.812589168548584,
    7.294892311096191,
    8.042959213256836,
    9.207988739013672,
    15.323675155639648
  ]
}