{
  "behavior": "formality",
  "model_name": "qwen2.5-7b",
  "num_pairs": 20,
  "hidden_dim": 3584,
  "num_layers": 28,
  "layer_consistency": [
    0.5437837839126587,
    0.5675751566886902,
    0.553023636341095,
    0.24491724371910095,
    0.2591788172721863,
    0.25938910245895386,
    0.2765706479549408,
    0.30970433354377747,
    0.313370943069458,
    0.3238747715950012,
    0.33167991042137146,
    0.3382081389427185,
    0.33569639921188354,
    0.338550865650177,
    0.341012567281723,
    0.35264867544174194,
    0.3532586693763733,
    0.36191409826278687,
    0.37695032358169556,
    0.4179674983024597,
    0.42674189805984497,
    0.4363124966621399,
    0.42967113852500916,
    0.4471474289894104,
    0.44864290952682495,
    0.4561803936958313,
    0.5152290463447571,
    0.5836868286132812
  ],
  "layer_raw_norms": [
    2.536500930786133,
    3.7075560092926025,
    4.599329471588135,
    7.279451370239258,
    14.14664363861084,
    15.582422256469727,
    17.204153060913086,
    20.265995025634766,
    21.208053588867188,
    22.563085556030273,
    23.6126651763916,
    25.703771591186523,
    26.028053283691406,
    26.82660484313965,
    26.894983291625977,
    28.770427703857422,
    28.405241012573242,
    29.11168098449707,
    31.115032196044922,
    37.43198013305664,
    40.5517463684082,
    46.27968978881836,
    50.18191146850586,
    58.94158935546875,
    65.28951263427734,
    73.11064147949219,
    77.68009948730469,
    142.0556182861328
  ]
}