{
  "behavior": "formality",
  "model_name": "llama-3.2-1b",
  "num_pairs": 20,
  "hidden_dim": 2048,
  "num_layers": 16,
  "layer_consistency": [
    0.5390095710754395,
    0.29212409257888794,
    0.32866066694259644,
    0.36532917618751526,
    0.3895989954471588,
    0.3911822438240051,
    0.410550057888031,
    0.4191451668739319,
    0.4346221089363098,
    0.4807046055793762,
    0.49752599000930786,
    0.5138561129570007,
    0.5334693789482117,
    0.512859046459198,
    0.5439951419830322,
    0.5752385258674622
  ],
  "layer_raw_norms": [
    0.28202351927757263,
    0.7177013754844666,
    0.8093225359916687,
    0.9282028079032898,
    1.0238616466522217,
    1.0491738319396973,
    1.1348066329956055,
    1.1942170858383179,
    1.2875076532363892,
    1.6652164459228516,
    1.8900314569473267,
    2.2681567668914795,
    2.7975969314575195,
    3.0842068195343018,
    3.9782001972198486,
    5.1781392097473145
  ]
}