{
  "behavior": "verbosity",
  "model_name": "llama-3.2-3b",
  "num_pairs": 15,
  "hidden_dim": 3072,
  "num_layers": 28,
  "layer_consistency": [
    0.8355394601821899,
    0.9992833733558655,
    0.9984665513038635,
    0.9970510601997375,
    0.9955316185951233,
    0.9945552945137024,
    0.9935488104820251,
    0.9919198155403137,
    0.9913817644119263,
    0.989990770816803,
    0.9895133376121521,
    0.9871958494186401,
    0.9840255379676819,
    0.9824358820915222,
    0.9774933457374573,
    0.9709375500679016,
    0.9665393233299255,
    0.9622018933296204,
    0.9583255648612976,
    0.9466200470924377,
    0.9354512691497803,
    0.927146315574646,
    0.9181908369064331,
    0.9040743708610535,
    0.8912721276283264,
    0.8774704337120056,
    0.8474583029747009,
    0.6993675231933594
  ],
  "layer_raw_norms": [
    0.42754900455474854,
    11.514581680297852,
    11.537640571594238,
    11.559548377990723,
    11.573209762573242,
    11.589690208435059,
    11.596623420715332,
    11.619783401489258,
    11.645160675048828,
    11.648944854736328,
    11.653748512268066,
    11.664665222167969,
    11.752861022949219,
    11.864571571350098,
    12.011534690856934,
    12.187122344970703,
    12.308274269104004,
    12.520416259765625,
    12.575201988220215,
    12.881458282470703,
    13.063642501831055,
    13.210229873657227,
    13.479159355163574,
    13.694140434265137,
    13.882421493530273,
    14.181221008300781,
    14.127359390258789,
    10.446847915649414
  ]
}